Hashtag,Frequency
#punefoodblogger,9
#dilsefoodie,9
#food,9
#pune,8
#travel,6
#foodtraveletc,5
#FoodTraveletc,4
#collab,4
#luxuryresort,4
#maldives,4
#GinExplorersClub,3
#reethibeachresort,3
#maldivesislands,3
#GinOClock,3
#Luxury,3
#shimla,3
#Collab,3
#luxury,3
#weddingseason,3
#maldivesresorts,3
#masaladosa,2
#islandlife,2
#island,2
#dosa,2
#tasty,2
#luxurytravel,2
#misal,2
#wedding,2
#love,2
#icecream,2
#cousins,2
#southindian,2
#RewardingLifesJourneys,2
#LuxuryTravel,2
#bride,2
#streetfood,2
#amritsar,2
#egg,2
#TheLeelaPalaceBengaluru,2
#GHADiscovery,2
#omelette,2
#sev,2
#aurikahotelsandresorts,1
#AdventuresOfUs,1
#YearInReview,1
#2023Recap,1
#TravelDiaries,1
#luxurybylemontreehotels,1
#destinationsthatinspireajourney,1
#HappyNewYear,1
#beyondtheunusual,1
#Ad,1
#happynewyear,1
#LuxuryLife,1
#Indulgence,1
#BreakfastGoals,1
#Breakfast,1
#SuiteLife,1
#Bengaluru,1
#LuxuryLifestyle,1
#coorg,1
#2024,1
#aurika,1
#aurikacoorg,1
#luxurydining,1
#romanticdinner,1
#headout,1
#datenight,1
#HappyNewYear2024,1
#HolidaySeason,1
#letsheadout,1
#party,1
#banglore,1
#masala,1
#uttappa,1
#sandwich,1
#misalpav,1
#pav,1
#unlimited,1
#unlimitedfood,1
#club,1
#chicken,1
#HeadoutinNewYork,1
#noodles,1
#dance,1
#cholebhature,1
#chocolate,1
#bhature,1
#pizza,1
#burger,1
#cheese,1
#cheeseburst,1
#garlic,1
#chaatlover,1
#chaat,1
#bhelpuri,1
#HeadoutinNYC,1
#newyork,1
#unitedstates,1
#nyc,1
#newyorkcity,1
#newyorker,1
#Christmas,1
#MyShangriLa,1
#poha,1
#sabudanakhichadi,1
#vada,1
#vadapav,1
#pakode,1
#desserts,1
#sweet,1
#falooda,1
#kulfi,1
#bhel,1
#matki,1
#ShangriLaCircle,1
#islandvibes,1
#FindYourShangriLa,1
#jootachurai,1
#breakfast,1
#MakeItATEN,1
#TinyTENSalon,1
#tomatosoup,1
#roasted,1
#winterrecipes,1
#comfortfood,1
#recipe,1
#recipevideo,1
#AnandaPaneer,1
#PackedPaneer,1
#UntouchedByHand,1
#PurityCheck,1
#Paneer,1
#Ananda,1
#AnandaDairy,1
#danceperformance,1
#parantha,1
#ghaziabad,1
#firstlemon,1
#amritmohatsav,1
#IceCream,1
#Hazelnuts,1
#Chocolate,1
#hazelnutchocolate,1
#cholekulche,1
#harghartiranga,1
#75For75,1
#DilSeDesi,1
#baby,1
#kulcha,1
#kalashah,1
#corner,1
#lolopopo,1
#bater,1
#foodfood,1
#lemon,1
#softly,1
#bridegroom,1
#ShangriLaBengaluru,1
#fun,1
#brideandgroom,1
#dreamcometrue,1
#weddingrituals,1
#pocketkulcha,1
#explore,1
#explorepage,1
#baaatoll,1
#maldivesinsider,1
#maldivesisland,1
#CraftedForIndulgence,1
#watervilla,1
#LuxuryStay,1
#TrueIndianLuxury,1
#TheLeela,1
#LuxuryHotel,1
#IndianLuxury,1
#LuxuryTraveller,1
#manifest,1
#bestfriends,1
#ootdshare,1
#overhyped,1
#funny,1
#relatable,1
#moyemoye,1
#bakery,1
#preityzinta,1
#trishoolbakers,1
#viral,1
#minireview,1
#indianwedding,1
#traveldiaries,1
#queenofhills,1
#historic,1
#himachal,1
#iias,1
#outfitsiwore,1
#ethnic,1
#paneer,1
